ID,LOCATION,ADDRESS,LAT,LONG
P328594 ,ZIPPYS BIKES INC,3900 PACIFIC AVENUE WILDWOOD NJ 08260,38.9876223,-74.8188368
W1089001,Candy Kitchen,1 S Boardwalk Rehoboth Beach DE 19971,38.7162394,-75.0761948
N1080681,Walgreen's - Trolley Square #11014,1 Trolley Square Wilmington DE 19806,39.7580425,-75.5619341
N1080647,Walgreen's - Commons at Thornbury #11030,10 E Street Rd West Chester PA 19382,39.9194062,-75.5749289
83730398,Buffalo Wild Wings - Newark,100 Elkton Rd Newark DE 19711,39.6630411,-75.7786799
P328380,BRINTON LAKE NAILS SPA,100 Evergreen Dr #125 Glen Mills PA 19342,39.8860302,-75.5310363
P328381,BRT RCC 1,100 Matsonford Rd Radnor PA 19087,40.0497166,-75.3555756
P328382,BRT RCC 4,100 Matsonford Rd Radnor PA 19087,40.0497166,-75.3555756
P328454,HOLIDAY INN EXPRESS PHILA,100 N Christopher Columbus Blvd Philadelphia PA 19106,39.9528064,-75.1404399
,Kennett Square Banking Office,100 Old Forge Lane Kennett Square PA 19348,39.8630467,-75.6781165
P318902,"BJs - Newark, DE #178",100 Pencader Plaza Newark DE 19713,39.6585433,-75.7369219
,University Plaza Banking Office,100 University Plaza Newark DE 19702,39.6676169,-75.6693841
83730080,Newark VFW Post #475,100 Veterans Lane Newark DE 19711,39.6785155,-75.763994
83730728,Sunoco Conshohocken,100 W Ridge Rd Conshohocken PA 19428,40.0792766,-75.3015714
N1080691,Walgreen's - Dover - Independence  #09687,1001 Forrest Avenue Dover DE 19904,39.1594018,-75.5435914
83730752,DuPont Country Club,1001 Rockland Rd Wilmington DE 19803,39.7884745,-75.5641502
83730476,Fourth Street Liberty Gas,1001 W Fourth Street Wilmington DE 19805,39.7446693,-75.5608528
P327835,Punch Line Philly,1004 Canal St Philadelphia PA 19123,39.9647743,-75.1349218
P333383,PINECREST COUNTRY CLUB,101 Country Club Dr Lansdale PA 19446,40.2554408,-75.2392691
83730107,Luk Oil - Conshohocken,101 Crawford Ave Conshohocken PA 19428,40.0683254,-75.3102645
83730222,Landhope - East Street,101 East Street Road Kennett Square PA 19348,39.874968,-75.7171824
83730629,Colour Roxx Salon & Spa,101 Louviers Drive Newark DE 19711,39.7107561,-75.7428611
83730460,Chesapeake Bowl LLC,101 Marlboro Ave Easton MD 21601,38.7814828,-76.0778972
83730394,American Legion Post 7447 - Rehoboth Beach,101 State Road Rehoboth Beach DE 19971,38.7144038,-75.0896311
P327837,BRT -#101,101 W Elm St Conshohocken PA 19428,40.0732329,-75.3087029
,Neck Road Banking Office ,1029 Neck Road Burlington NJ 08016,40.0809043,-74.8195043
83730453,Atlantic Apothecary Smyrna,103 S DuPont Blvd Smyrna DE 19977,39.3009456,-75.6030314
,West Goshen Banking Office,1030 West Chester Pike West Chester PA 19382,39.9675062,-75.5777257
P328572,OCEAN CLUB HOTEL,1035 Beach Av Cape May NJ 08204,38.9320025,-74.9103271
83730516,Heritages #20,105 Eldridge Ave and Rt 322 Williamstown NJ 08094,39.6881956,-75.0061979
,Bridgeport Banking Office,105 W. Fourth St. Bridgeport PA 19405,40.1057615,-75.3446567
,Rosemore Banking Office,1065 W County Line Rd Hatboro PA 19040,40.2110103,-75.1385178
P328550,SANTANGELOs CAF?,107 W Germantown Pike East Norriton PA 19401,40.1461881,-75.3194445
P328395,CLARKEs MARKET,10729 3rd Ave Stone Harbor NJ 08247,39.0464128,-74.7674003
P327831,Tobacco Time,108 Fox Hunt Dr Bear DE 19701,39.6062685,-75.7138855
83730434,McGlynns Pub - Glasgow,108 Peoples Plaza Newark DE 19702,39.601043,-75.746269
83730438,Deer Park Tavern,108 W Main Street Newark DE 19711,39.6832238,-75.7559908
83730504,Heritages #6,11 Tansboro Road Berlin NJ 08009,39.7901723,-74.9281386
83730383,New Castle Farmers Market (South),110 N Dupont Hwy New Castle DE 19720,39.6665443,-75.6002783
83730412,New Castle Farmers Market (North),110 North DuPont Highway New Castle DE 19720,39.6665443,-75.6002783
83730378,Docklands Riverfront,110 S West St Wilmington DE 19801,39.737223,-75.5570841
P333372,ZOTOS DINER,1100 Bethlehem Pike Line Lexington PA 18932,40.2858395,-75.2638722
P327834,The Fillmore #1,1100 Canal St Philadelphia PA 19123,39.9652468,-75.1350606
P327838,Spring Mill Properties,1100 E Hector St Conshohocken PA 19428,40.0759539,-75.2876985
P325942,PA Convention Center - 12th St Concourse,1101 Arch Street Philadelphia PA 19107,39.9553197,-75.1600104
P325940,PA Convention Center - Box Office,1101 Arch Street Philadelphia PA 19107,39.9553197,-75.1600104
P325936,PA Convention Center - Break Room,1101 Arch Street Philadelphia PA 19107,39.9553197,-75.1600104
P325941,PA Convention Center - Gift Shop,1101 Arch Street Philadelphia PA 19107,39.9553197,-75.1600104
P325943,PA Convention Center - Grand Hall,1101 Arch Street Philadelphia PA 19107,39.9553197,-75.1600104
P325939,PA Convention Center - Hall E - 2nd Floor,1101 Arch Street Philadelphia PA 19107,39.9553197,-75.1600104
P325937,PA Convention Center Spiral -?2nd Floor,1101 Arch Street Philadelphia PA 19107,39.9553197,-75.1600104
P325938,PA Convention Center- Terrace Ballroom,1101 Arch Street Philadelphia PA 19107,39.9553197,-75.1600104
83730639,Shoprite at Governors Square #588,1101 Governors Place Bear DE 19701,39.6319391,-75.6649018
P328537,PUB DELI,1101 Markley St Norristown PA 19401,40.1230933,-75.3426526
N1080715,Walgreen's - Ocean Pines #11951,11085 Cathell Rd Berlin MD 21811,38.3783864,-75.1675573
83730622,Uncle Willies - Berlin BP #17,111 Flower Street Berlin MD 21811,38.3242658,-75.2109622
P328483,LAWNSIDE VALERO,111 N White Horse Pike Lawnside NJ 08045,39.8674642,-75.0393703
,Midtown Banking Office,1110 Chestnut Street Philadelphia PA 19107,39.9500168,-75.1592078
P390625,RUNNING DEER GOLF CLUB,1111 Parvin Mill Rd Elmer NJ 08318,39.5282606,-75.1355659
P328598,VINTAGE BAR And GRILL,1116 Old York Rd Abington PA 19001,40.1150943,-75.1217458
N1080648,Walgreen's - Glendale Plaza #11017,1120 Pulaski Highway Bear DE 19701,39.6311014,-75.6616
P328583,UCC #2 - SOUTH BROAD ST,1123 S Broad StA Philadelphia PA 19147,39.9370483,-75.1665313
83730351,Ruddertown Kiosk,113 Dickinson Street Dewey Beach DE 19971,38.6900344,-75.0761719
83730365,The Rusty Rudder,113 Dickinson Street Dewey Beach DE 19971,38.6900344,-75.0761719
P328468,KEENANS IRISH PUB I,113 Olde New Jersey Ave North Wildwood NJ 08260,39.0081343,-74.7931801
P328469,KEENANS IRISH PUB II,113 Olde New Jersey Ave North Wildwood NJ 08260,39.0081343,-74.7931801
P328470,KEENANS IRISH PUB III,113 Olde New Jersey Ave North Wildwood NJ 08260,39.0081343,-74.7931801
83730245,Dover Downs - Atrium,1131 N DuPont Hwy Dover DE 19901,39.1888607,-75.532947
83730241,Dover Downs - Hallway I,1131 N Dupont Hwy Dover DE 19901,39.1888607,-75.532947
83730244,Dover Downs - Hallway II,1131 N DuPont Hwy Dover DE 19901,39.1888607,-75.532947
83730242,Dover Downs - Sports Betting,1131 N DuPont Hwy Dover DE 19901,39.1888607,-75.532947
83730243,Dover Downs - Video Blackjack,1131 N DuPont Hwy Dover DE 19901,39.1888607,-75.532947
,College Square Banking Office,115 Grove Lane Newark DE 19711,39.6837226,-75.7496572
P328363,BENNIES BREAD,1159 Asbury Ave Ocean City NJ 08226,39.2755567,-74.5802417
83730470,Grotto Pizza - Dover,1159 N DuPont Hwy Dover DE 19901,39.1877528,-75.537405
83730607,Mann Investments dba State Line Cigarette Outlet,1168 Elkton Rd Newark DE 19711,39.6549718,-75.7887904
SR002984,Walmart #2555,117 Wilton Boulevard New Castle DE 19720,39.6536612,-75.6220817
N1080705,Walgreen's - Milton Park #11073,120 Broadkill Road Milton DE 19968,38.8178435,-75.2496607
83730740,Wesley College,120 N State St Dover DE 19901,39.1626115,-75.5280339
W1089142,Wyoming Island DU,120 W Camden Wyoming Ave Wyoming DE 19934,39.1175254,-75.5579192
83730451,Trilogy Salon & Spa,1200 Capital Trail Newark DE 19711,39.6964765,-75.7111169
83730450,DRBA - Cape May,1200 Lincoln Blvd North Cape May NJ 08204,38.9689779,-74.9604683
83730630,Delaware State University - Library,1200 N DuPont Hwy Dover DE 19901,39.1883384,-75.5397644
83730487,Delaware State University - Student Center,1200 N. DuPont Hwy Dover DE 19901,39.1883384,-75.5397644
,Havertown Banking Office,1200 W Township Line Road Havertown PA 19083,39.9582033,-75.3186572
P333368,AMERICAN STAR,1200 Welsh Rd North Wales PA 19454,40.2267924,-75.2579171
83730755,1201 N Market Street LLC,1201 N Market St Wilmington DE 19801,39.7478527,-75.5467527
83730232,Steve''s Discount Liquors,1204 Centerville Road Wilmington DE 19808,39.7311949,-75.619854
N1080689,Walgreen's - State Street #11061,1215 South State Street Dover DE 19901,39.1428351,-75.5221198
,Granite Run Banking Office,1238 West Baltimore Pike Media PA 19063,39.9109509,-75.4421428
N1080660,Walgreen's - Newark Main Street #11008,124 East Main Street Newark DE 19711,39.6837896,-75.7483237
,Phoenixville Banking Office,124 Main St. Phoenixville PA 19460,40.1318143,-75.515796
P318904,"BJs - New Castle, DE #15",124 Sunset Boulevard New Castle DE 19720,39.6687393,-75.5967793
83730364,North Beach Restaurant,125 McKinley Street Dewey Beach DE 19971,38.6931066,-75.0769545
SR002980,Walmart #5436,1251 Centerville Road Wilmington DE 19808,39.7337396,-75.6184446
P303317,"BJs - Springfield, PA #56",1260 East Woodland Avenue Springfield PA 19064,39.9090639,-75.330468
N1080649,Walgreen's - Fox Run #11022,128 Fox Hunt Drive Bear DE 19701,39.6063703,-75.7130933
83730613,Uncle Willies - Felton BP #13,12984 South DuPont Highway Felton DE 19943,38.9841608,-75.5677659
LK537079,Reading Terminal #5,12th and Arch Street Philadelphia PA 19107,39.9539394,-75.1594308
LK636995,Reading Terminal #6,12th and Arch Street -  left of Reading Philadelphia PA 19107,39.9539394,-75.1594308
LK537053,Reading Terminal #3,12th and Arch Streets - by exit to Arch Street bac Philadelphia PA 19107,39.9539394,-75.1594308
LK537033,Reading Terminal #1,12th and Arch Streets - directly inside front door Philadelphia PA 19107,39.954019,-75.159428
LK552885,Reading Terminal #4.,12th and Arch Streets - in the dutch dining area n Philadelphia PA 19107,39.9559288,-75.1574567
LK552874,Reading Terminal #2,12th and Arch Streets - middle of dining area acro Philadelphia PA 19107,39.9547499,-75.1663723
83730760,Shree Shakti Inc dba Sweet Mart,13 Causey Ave Milford DE 19963,38.9118207,-75.4304555
83730422,Salon By  Dominic,130 Lantana Drive Hockessin DE 19707,39.7728096,-75.7098138
83730637,Shoprite at Brandywine Commons #558,1300 Rocky Run Parkway Wilmington DE 19803,39.8249229,-75.548322
83730465,Liquormart Inc,1301 Vandever Ave Wilmington DE 19802,39.7454383,-75.530354
83730432,Wilmington Lodge #307 BPOE,1310 Carruthers Lane Wilmington DE 19803,39.7692332,-75.5368818
,Flourtown Banking Office,1311 Bethlehem Pike Flourtown PA 19031,40.1019679,-75.2132187
N1080680,Walgreen's - Union Street #11070,1313 North Union Street Wilmington DE 19806,39.7575121,-75.5681327
N1080683,Walgreen's - Milltown Shopping Center #11005,1323 McKennans Church Road Wilmington DE 19808,39.7322948,-75.6668561
83730510,Heritages #13,1327 Cooper Street Deptford NJ 08096,39.8243782,-75.1142438
83730210,Millcreek Valero,1327 McKennnans Church Road Wilmington DE 19808,39.7319459,-75.6672197
P328481,LA CONS PHARMACY,1336 Powell St Norristown PA 19401,40.1239107,-75.335524
P328582,UCC #3 - OREGON AVENUE,1339 W Oregon Ave Philadelphia PA 19148,39.9169306,-75.170716
P328377,BOYARS MARKET 1,1340 Asbury Ave Ocean City NJ 08226,39.2740278,-74.5831476
P328356,BAGELS And BEYOND 2,1340 NJ-72 Stafford Township NJ 08050,39.725385,-74.2895225
,Bala Cynwyd Banking Office,135 East City Ave. Bala Cynwyd PA 19004,40.0031916,-75.2222928
P328440,G LODGE RESTAURANT,1371 Valley Forge Rd Phoenixville PA 19460,40.1133099,-75.4823755
P333316,PAYLESS LIQUOR,14 Renaissance Plaza Atlantic City NJ 08401,39.3624647,-74.430537
P328602,WARMDADDYs,1400 S Christopher Columbus Blvd Philadelphia PA 19147,39.9293522,-75.1454738
N1080667,Walgreen's - Wilmington Manor #11009,1401 Dupont Highway New Castle DE 19720,39.6895453,-75.5830009
83730441,Northeast Liberty Gas,1401 Northeast Blvd Wilmington DE 19802,39.7453579,-75.5336066
P328361,BEER WORLD,1409 Easton Rd Roslyn PA 19001,40.1293299,-75.1282227
P328473,KEYSTONE PUB WHITEHALL,1410 Grape St Whitehall PA 18052,40.6324652,-75.4838617
,Fox Chase Banking Office,1411 Rhawn Street Philadelphia PA 19111,40.0682788,-75.0658339
P328540,READING LIEDERKRANZ,143 Spook Ln Reading PA 19606,40.3389366,-75.892108
P423524,XO LOUNGE,1439 South St Philadelphia PA 19146,39.944025,-75.166676
,Airport Plaza Banking Office,144 North DuPont Hwy New Castle DE 19720,39.6717592,-75.5975523
,Delaware City Banking Office ,145 Clinton Street Delaware City DE 19706,39.5763663,-75.5907315
83730385,Luk Oil - Garuda/West Chester,1457 Pottstown Pike West Chester PA 19380,40.0099934,-75.6154662
83730627,Priority Plus FCU,147 Quigley Boulevard New Castle DE 19720,39.6607499,-75.5993484
,Tabernacle Banking Office,1484 Route 206 Tabernacle NJ 08088,39.8472641,-74.7338669
,West Dover Banking Office ,1486 Forrest Avenue Dover DE 19904,39.1584195,-75.5601024
N1080652,Walgreen's - University Plaza #11003,15 University Plaza Newark DE 19702,39.6667631,-75.6711785
P327828,BRT - #150,150 Radnor Chester Rd Radnor PA 19087,40.0430349,-75.3658121
83730518,Heritages #22,1504 Hurffville Road/Rt. 41 Deptford NJ 08096,39.8084068,-75.0942616
N1080653,Walgreen's - Claymont #11032,1508 Philadelphia Pike Claymont DE 19703,39.7840876,-75.4783937
P328605,WHITPAIN TAVERN,1529 Dekalb Pike Blue Bell PA 19422,40.1544072,-75.3035458
83730720,Lana Nails,155 N DuPont Hwy Dover DE 19901,39.1672233,-75.5163427
,Willow Grove Banking Office,155 York Road Willow Grove PA 19090,40.1445358,-75.116046
83730744,South DuPont Liquors,157 S DuPont Hwy New Castle DE 19720,39.6597785,-75.6112957
,Eddystone Banking Office,1571 Chester Pike Eddystone PA 19022,39.8661801,-75.3414468
SR002982,Sam's Club #6330,1572 N Dupont Highway Dover DE 19901,39.193467,-75.5522479
83730226,Klondike Kates,158 E Main St Newark DE 19711,39.6837323,-75.7469155
,16th & Chestnut Banking Office,1600 Chestnut St Philadelphia PA 19103,39.9508792,-75.167409
W1089078,Shoprite at Stanton #538,1600 West Newport Pike Wilmington DE 19804,39.7148676,-75.6302649
N1080686,Walgreen's - Naamans Road #12695,1601 Naamans Road Wilmington DE 19810,39.8228399,-75.4848101
83730721,Wilson Baker - Country Corners #7,1606 Bay Rd Milford DE 19963,38.9616711,-75.4292378
P328355,BAGELS And BEYOND 1,1616 Long Beach Blvd Surf City NJ 08008,39.6652012,-74.1629662
,Oaks Banking Office,1630 Egypt Road Oaks PA 19456,40.134448,-75.450312
,Lumberton Banking Office ,1636 Eayrestown Rd Lumberton NJ 08048,39.9817862,-74.7837416
P333373,HAIR APROPOS,1700 Horizon Dr Chalfont PA 18914,40.2604666,-75.2182787
,Concord Banking Office,1700 Rocky Run Parkway Wilmington DE 19803,39.8263781,-75.5458202
83730189,Kellys Logan House,1701 Delaware Avenue Wilmington DE 19806,39.7582504,-75.5623765
83730529,Heritages #35,1701 Williamstown Erial Rd Sicklerville NJ 08018,39.7663898,-75.0042948
N1080676,Walgreen's - Chestnut Run #11069,1710 Faulkland Road Wilmington DE 19805,39.7473636,-75.6119886
83730415,Wilson Baker - North Dover Tiger Mart,1710 N DuPont Hwy Dover DE 19901,39.1979249,-75.55353
83730635,Crimson Hair Studio,"1710-12 Sansome Street, 2nd Floor Philadelphia PA 19103",39.9505881,-75.1693965
,Brandywine Banking Office,1712 Foulk Road Wilmington DE 19803,39.8075864,-75.5152273
P328423,EL PRIMO PRODUCE JUNCTION,1719 Markley St Norristown PA 19401,40.1324061,-75.3350242
,Feasterville Banking Office ,172 West Street Road Feasterville PA 19053,40.1533777,-75.0076581
N1080700,Walgreen's - Lewes #12752,17239 Five Points Sq Lewes DE 19958,38.7487232,-75.1732402
N1080698,Walgreen's - Harrington #11756,17248 Dupont Highway Harrington DE 19952,38.9227932,-75.5674248
83730195,Grotto Pizza - Lewes,17467 Shady Road Lewes DE 19958,38.7480358,-75.1650721
P333376,U MERION TOWNSHIP BLDG,175 W Valley Forge Rd King of Prussia PA 19406,40.1018097,-75.3716413
83730614,Uncle Willies - Lewes BP #9,17581 Coastal Highway Lewes DE 19958,38.7489583,-75.171242
83730411,Bling Salon & Spa,17644 Coastal Hwy Unit 4 Lewes DE 19958,38.747927,-75.168294
83730420,Wilson Baker - Lewes Baker's Exxon,17921 Coastal Hwy Lewes DE 19958,38.7481955,-75.1591896
83730230,University of Delaware-Smith Hall,18 Amstel Ave Newark DE 19713,39.6805816,-75.7542383
83730621,Uncle Willies - Selbyville BP #6,18 North DuPont Highway Selbyville DE 19975,38.4603917,-75.2207437
,Northern Liberties Banking Office,180 W. Girard Avenue Philadelphia PA 19123,39.9684394,-75.1390321
83730418,Wilson Baker - Ellendale Exxon,18005 Ellendale Greenwood Hwy Ellendale DE 19941,38.8070575,-75.422697
N1080712,Walgreen's - Kent Island -Chester #11283,1802 Main Street Chester MD 21619,38.9734387,-76.2796358
83730145,Bottle & Cork #1,1807 Highway One Dewey Beach DE 19971,38.7026621,-75.0764273
83730117,Bottle & Cork #2,1807 Highway One Dewey Beach DE 19971,38.7026621,-75.0764273
83730726,Bottle & Cork #3,1807 Highway One Dewey Beach DE 19971,38.7026621,-75.0764273
83730197,Grotto Pizza - Wilmington,1819 Pennsylvania Ave Wilmington DE 19806,39.7559293,-75.5664698
P328409,DAISY HILL MARKET,1848 E Susquehanna St Allentown PA 18103,40.5944003,-75.4128863
P355139,GOLDEN NUGGET ANTIQUE FLEA MKT #1,1850 River Rd Lambertville NJ 08530,40.3403755,-74.9369279
P355141,GOLDEN NUGGET ANTIQUE FLEA MKT #2,1850 River Rd Lambertville NJ 08530,40.3403755,-74.9369279
83730611,Uncle Willies - Bridgeville BP #510,18705 Sussex Highway Bridgeville DE 19933,38.7224152,-75.5896914
83730399,Buffalo Wild Wings - Bear,1887 Pulaski Hwy Bear DE 19702,39.6105721,-75.7074328
SR002983,Walmart #2419,18922 Rehoboth Mall Blvd Rehoboth Beach DE 19971,38.7273667,-75.1324645
N1080707,Walgreen's - Rehoboth Beach #11021,18993 Munchy Branch Rd Rehoboth Beach DE 19971,38.7240425,-75.1225668
83730638,Shoprite at Newark #580,19 Chestnut Hill Road Newark DE 19713,39.6554667,-75.7516573
P328456,HUDSON HOUSE,19 E 13th St Long Beach Township NJ 08008,39.5715891,-74.2330414
N1080665,Walgreen's - Brookside Plaza #11066,19 Marrows Road Newark DE 19713,39.6641291,-75.7257419
P327825,Tower Theater -1st Flr,19 S 69th St Upper Darby PA 19082,39.9610648,-75.2585395
N1080644,Walgreen's - Chadds Ford #12492,190 Wilmington West Chester Pike Chadds Ford PA 19317,39.8485304,-75.5385422
,Passyunk Banking Office,1901 E Passyunk Avenue Philadelphia PA 19148,39.9264096,-75.1672894
,Cherry Hill East Banking Office,1901 Route 70 E Cherry Hill NJ 08003,39.9022085,-74.9663329
P328495,MERCHANTS SQUARE,1901 S 12th St Allentown PA 18103,40.5769925,-75.4755044
83730480,Wilmington Flea Market,1902B Maryland Avenue Wilmington DE 19805,39.7324339,-75.5755478
83730198,Jimmy O LLC dba Woody East Coast Bar,1904 Highway One Dewey Beach DE 19971,38.7026621,-75.0764273
N1080678,Walgreen's - Maryland Avenue #11011,1908 Maryland Avenue Wilmington DE 19805,39.7333603,-75.5758873
P328541,Residence Inn,191 Washington St Conshohocken PA 19428,40.071021,-75.3051847
83730115,Jimmy''s Grill,1911 Costal Highway Dewey Beach DE 19971,38.6947213,-75.0754191
P328389,CAVANAUGHS RITTENHOUSE,1913 Sansom St Philadelphia PA 19103,39.9512838,-75.1726397
,Rehoboth Banking Office,19335 Coastal Highway Rehoboth Beach DE 19971,38.7234585,-75.1223844
P328484,LIBERTY STEAKS and HOAGIES,1937 MacDade Boulevard Woodlyn PA 19094,39.8706325,-75.3560204
83730104,Outlet Wines,19724 Coastal Hwy Rehoboth Beach DE 19971,38.7165544,-75.1126686
83730421,Wilson Baker - Exxon Shop of Rehoboth,19884 Coastal Hwy Rehoboth Beach DE 19971,38.7146119,-75.1078789
83730523,Heritages #27,199 East Avenue Woodstown NJ 08098,39.6514929,-75.3168247
,Malvern Banking Office ,199 Lancaster Avenue Malvern PA 19355,40.0413776,-75.539179
83730384,Buffalo Wild Wings - Rehoboth Beach,19930 Lighthouse Plaza Rehoboth Beach DE 19971,38.7216196,-75.1195021
N1080697,Walgreen's - Georgetown #11047,"2 College Park Lane, Suite 1 Georgetown DE 19947",38.7023247,-75.4026505
P374650,HIKMA PHARMACEUTICALS,2 Esterbrook Ln Cherry Hill NJ 08003,39.91565,-74.9667234
P328376,BOURBON BLUE,2 Rector St Philadelphia PA 19127,40.0242584,-75.2222218
83730489,Bad Hair Day,20 Lake Ave Rehoboth Beach DE 19971,38.7172806,-75.083586
N1080692,Walgreen's - Dover Pharmacy #11322,200 Banning St Dover DE 19904,39.1533413,-75.5359493
P328539,RAMBLEWOOD COUNTRY CLUB,200 Country Club Pkwy Mt Laurel Township NJ 08054,39.9225514,-74.9352169
P328590,VALLEYBROOK COUNTRY CLUB,200 Golfview Dr Blackwood NJ 08012,39.8183868,-75.058605
83730213,B.P.O.E. #1903 Dover Elks,200 Saulsbury Road Dover DE 19904,39.1632477,-75.545047
83730123,Delmar VFW,200 West State Street Delmar MD 21875,38.455097,-75.581905
,Fairfax Banking Office ,2005 Concord Pike Wilmington DE 19803,39.7884427,-75.5453881
83730359,Kirkwood Exxon,2007 Newport Gap Pike Wilmington DE 19808,39.7359158,-75.6299239
83730497,The Starboard - Main Bar,2009 Highway One Dewey Beach DE 19971,38.7026621,-75.0764273
83730496,The Starboard - Shark Tank,2009 Highway One Dewey Beach DE 19971,38.7026621,-75.0764273
83730087,The Tap Room,201 Bohemia Ave Chesapeake City MD 21915,39.5270037,-75.8128561
P328378,BOYARS MARKET 2,201 E 55th St Sea Isle City NJ 08243,39.1473115,-74.7008167
83730231,Local 74 Plumbers&Pipefitters Union,201 Executive Drive Newark DE 19702,39.6154266,-75.747382
P327827,BRT - #201,201 King of Prussia Rd Radnor PA 19087,40.0437927,-75.3570679
83730372,South Bridge BP Exterior,201 South Heald Street Wilmington DE 19803,39.7317539,-75.5423405
,West Newark Banking Office,201 Suburban Plaza Newark DE 19711,39.6658712,-75.7771421
N1080654,Walgreen's - Brackenville Rd #11052,2012 Brackenville Rd Hockessin DE 19707,39.7809327,-75.679445
P328402,CORROPOLESE BAKERY,2014 Old Arch Rd Norristown PA 19401,40.1301846,-75.3176219
P328601,VWC NAILS,2020 Penrose Ave Philadelphia PA 19145,39.9119623,-75.18322
,Broomall Banking Office,2021 Sproul Rd Broomall PA 19008,39.9645464,-75.35766
83730525,Heritages #30,203 N Main St Mullica Hill NJ 08062,39.75194,-75.2130364
83730634,Smyrna Clayton Moose Lodge,2035 S DuPont Blvd Smyrna DE 19977,39.2753674,-75.5904814
P328547,ROUTE 9 BP,2038 New Castle Ave New Castle DE 19720,39.6911416,-75.5556678
83730623,Super G Enterprises,2044 New Castle Ave New Castle DE 19720,39.6917415,-75.5565092
83730374,Tobacco Outlet,2070 New Castle Ave New Castle DE 19720,39.6928585,-75.5546822
83730757,General Store Inc,20750 John J Williams Hwy Lewes DE 19958,38.7001079,-75.1699513
83730733,The Grog Shop,20750 John J Williams Hwy Lewes DE 19958,38.7001079,-75.1699513
P328523,PHILS DELI And MARKET,2079 NJ-70 Cherry Hill NJ 08003,39.8962142,-74.9495098
83730425,Park Place Jewelers,209 Atlantic Ave Ste 123 Ocean City MD 21842,38.3338912,-75.0838462
83730356,Pep Up #14,209 Hayward Street Cambridge MD 21613,38.5697195,-76.0711901
,Devon Banking Office,209 W. Lancaster Avenue Devon PA 19333,40.0454387,-75.4242521
P328603,WELLAID PHARMACY,21 Cobbs Creek Pkwy Philadelphia PA 19139,39.9616716,-75.2465406
,Chester Springs Banking Office,210 Font Road Downingtown PA 19335,40.0958639,-75.6954636
,Fox Run Banking Office,210 Fox Hunt Drive Bear DE 19701,39.6079633,-75.7124113
P328609,ALOHA OCEANFRONT MOTEL,210 John F Kennedy Beach DrA North Wildwood NJ 08260,39.0016352,-74.7874211
P328367,BLITZS OCEAN CITY 21ST,2100 Asbury Ave Ocean City NJ 08226,39.2662602,-74.5939929
83730463,DMV - Delaware City,2101 Mid County Dr Delaware City DE 19720,39.5767042,-75.6595232
83730514,Heritages #17,211 Hessian Avenue Colonial Manor NJ 08096,39.8561235,-75.1498409
,Union Street Banking Office,211 North Union Street Wilmington DE 19805,39.7485684,-75.5737464
P422229,GARDEN TRUCK STOP,2114 W Garden Rd Vineland NJ 08360,39.5231959,-75.0630729
N1080673,Walgreen's - Fairfax Shopping Center #11006,2119 Concord Pike Wilmington DE 19803,39.790357,-75.5454109
83730751,Hockessin Books and Tobacco,212 Lantana Dr Hockessin DE 19707,39.7744239,-75.7090261
N1080677,Walgreen's - Elsmere #11029,2121 Kirkwood Highway Wilmington DE 19805,39.7386429,-75.6105564
83730730,Chesapeake Bay Maritime Museum,213 N Talbot St St Michaels MD 21663,38.788942,-76.2213397
P318908,BJs - Elsmere DE #354,2131 Kirkwood Highway Wilmington DE 19805,39.7394146,-75.61042
N1080714,Walgreen's - Rockhall Park Center #11064,21400 Zeeman Road Rockhall MD 21661,39.1381658,-76.2349537
83730633,Georgetown Air Services LLC,21553 Rudder Ln Georgetown DE 19947,38.6904941,-75.3633756
N1080663,Walgreen's - Suburban Plaza #11028,216 Surburban Drive Newark DE 19711,39.6685523,-75.7766198
83730419,Wilson Baker - Georgetown Exxon,22168 DuPont Blvd Georgetown DE 19947,38.682008,-75.3965266
P328594,VIETNAM PALACE,222 N 11th St Philadelphia PA 19107,39.9562991,-75.1574929
P408843,BUY RITE LIQUOR - PENNINGTON,"222 NJ-31, Pennington Pennington NJ 08534",40.3088592,-74.7879696
P328496,MERRYMEAD FARM,2222 S Valley Forge Rd Lansdale PA 19446,40.2093989,-75.3334424
83730492,DMV - Wilmington,2230 Hessler Blvd New Castle DE 19720,39.7147037,-75.5647188
N1080646,Walgreen's - Oxford Park #11074,2235 Baltimore Pike Oxford PA 19363,39.7698318,-75.9879585
P328387,CAPONES,224 W Germantown Pike Norristown PA 19401,40.1465588,-75.3257078
P370403,SUNSET HILL SHOOTING RANGE,2282 PA-314 Henryville PA 18332,41.0838429,-75.2778467
83730416,Wilson Baker - Seaford Exxon,22909 Sussex Hwy Seaford DE 19973,38.6607055,-75.5933007
N1080708,Walgreen's - Seaford #11621,22998 Sussex Highway Seaford DE 19973,38.657382,-75.5966662
P328343,ARDMORE MUSIC HALL,23 E Lancaster Ave Ardmore PA 19003,40.0076363,-75.2899667
N1080641,Walgreen's - Pennsville Crossing #11027,230 South Broadway Pennsville NJ 08070,39.6429867,-75.5170244
,21st & Passyunk Banking Office ,2301 S 21st Street Philadelphia PA 19145,39.923152,-75.1815102
,Exton Banking Office,237 N. Pottstown Pike Exton PA 19341,40.0327285,-75.6308559
83730601,DMV - Georgetown,23737 Dupont Boulevard Georgetown DE 19947,38.6664397,-75.374829
83730209,Kreider's Market Inc.,2396 Kirkwood Pike Kirkwood PA 17536,39.8170997,-76.0415707
83730738,Jacks Country Maid - Elsmere,2400 Kirkwood Hwy Wilmington DE 19805,39.7376503,-75.6128524
W1089005,Glasgow Safeway WU,2400 People's Plaza Newark DE 19702,39.6003106,-75.7489596
N1080711,Walgreen's - Centerville Park Centre #11057,2440 Centerville Road Centerville MD 21617,39.0309247,-76.0763111
P328544,PHOENIXVILLE SMOKE SHOP,245 Bridge St Phoenixville PA 19460,40.1339461,-75.51823
P328412,DEBBIES PLACE,246 E Street Rd Warminster PA 18974,40.1923623,-75.0753735
N1080657,Walgreen's - Bayview Crossing #11075,2470 N DuPont Parkway Middletown DE 19709,39.4938001,-75.6490389
N1080695,Walgreen's - Gateway South #15632,2480 S DuPont Hwy Camden DE 19934,39.1150002,-75.5375869
83730742,Landhope Farms Oxford,250 Limestone Rd Oxford PA 19363,39.8033129,-75.9671988
,Aramingo Banking Office,2514 Aramingo Ave Philadelphia PA 19125,39.9772039,-75.1199213
83730109,Delaware Veterans Post #1,2535 Veterans Dr Wilmington DE 19810,39.8296249,-75.5099724
N1080716,Walgreen's - North East Station #11037,2556 West Pulaski Highway North East MD 21901,39.6115238,-75.9301131
,Long Neck Banking Office,25926 Plaza Drive Millsboro DE 19966,38.6325464,-75.194436
P328335,AIRPORT DINER,2602 Bay Ave Ocean City NJ 08226,39.2632036,-74.605112
P328565,SPRAY BEACH BAGELS DELI,2611 Long Beach Blvd Long Beach Township NJ 08008,39.5800139,-74.2281811
N1080704,Walgreen's - Long Neck #11031,26191 John J Williams Hwy Millsboro DE 19966,38.6261935,-75.1958493
83730604,Rt 72 Food Mart Exxon,263 E Chestnut Hill Road Newark DE 19713,39.6611734,-75.7364676
N1080661,Walgreen's - Capital Trail #11133,2651 Capital Trail Newark DE 19711,39.7080212,-75.6845376
,Millsboro Banking Office,26644 Center View Drive Millsboro DE 19966,38.5747881,-75.2867549
83730367,Turf Valley,2700 Turf Valley Road Ellicott City MD 21042,39.296251,-76.8851646
LK560184  ,VALLEY FORGE TURF CLUB #2,2715 US Rt 1                                North Brunswick                                   NJ         08902,40.4353871,-74.512225
N1080650,Walgreen's - Deer Park #11048,2719 Pulaski Hwy Newark DE 19702,39.6038168,-75.7586799
,Trooper Banking Office,2724 Ridge Pike Trooper PA 19403,40.144855,-75.393709
83730430,Buffalo Wild Wings - Salisbury,2734 N Salisbury Blvd Salisbury MD 21801,38.4194636,-75.5669246
83730248,GPU Energy - Reading,2800 Pottsville Pike Reading PA 19605,40.3766768,-75.9352557
83730617,Uncle Willies - Millsboro BP #12,28194 Dupont Boulevard Millsboro DE 19966,38.599648,-75.3184419
83730208,Town and Country Liquors,28248 St Michaels Rd Easton MD 21601,38.7803959,-76.0964307
83730519,Heritages #23,283 Kings Highway Clarksboro NJ 08020,39.8011318,-75.2229511
P328430,Es IRISH PUB,285 E County Line Rd Warminster PA 18974,40.1804201,-75.0858597
N1080703,Walgreen's - Millsboro #11026,28516 Dupont Blvd Millsboro DE 19966,38.584272,-75.2951613
N1080668,Walgreen's - Community Plaza #11058,287 Christiana Road Suite 17A New Castle DE 19720,39.6617284,-75.6400386
,Dover Mart Banking Office ,290 South DuPont Hwy Dover DE 19901,39.1583359,-75.5127932
P425208,JERSEY SHORE DELI & GRILL,2901 Long Beach Blvd Ship Bottom NJ 08008,39.6371562,-74.1861288
P328354,AVALON SEAFOOD and PRODUCE,2909 Ocean Dr Avalon NJ 08202,39.0971868,-74.7243451
83730357,Pep Up #4,2910 Ocean Gateway Cambridge MD 21613,38.5536946,-76.0415027
83730528,Heritages #34,292 US Rt 40 Elmer NJ 08318,39.5973989,-75.138462
P328458,JEM RESTAURANT,2931 Swede Rd Norristown PA 19401,40.1466956,-75.3190341
P328374,BOSCOVs FAIRGROUNDS FARMERS MKT 1,2934 N 5th Street Hwy Reading PA 19605,40.3839298,-75.9313543
P328375,BOSCOVs FAIRGROUNDS FARMERS MKT 2,2934 N 5th Street Hwy Reading PA 19605,40.3839298,-75.9313543
P328397,COFFEE TALK,299 97th St Stone Harbor NJ 08247,39.053591,-74.761039
83730732,RDCD Riverfront,3 S Orange St Wilmington DE 19801,39.7374174,-75.5547254
,Sunset Road Banking Office,3 Sunset Road Burlington NJ 08016,40.0502427,-74.8414492
P328497,MICHAELS MARKET,30 E 10th St Marcus Hook PA 19061,39.8204045,-75.4164918
P303318,"BJs - Conshohocken, PA #92",300 Allan Wood Road Conshohocken PA 19428,40.0957215,-75.3049569
83730456,Sallie Mae - Continental Dr,300 Continental Drive Newark DE 19713,39.6839241,-75.6610839
P328439,FREEFALL ADVENTURES,300 Dahlia Ave Williamstown NJ 08094,39.70655,-75.0325932
83730247,GPU Energy - Morristown,300 Madison Avenue Morristown NJ 07962,40.7832223,-74.4499065
83730427,Riverfront  Shell,300 S Walnut St Wilmington DE 19801,39.7329751,-75.551993
83730187,Route 9 Shell,3001 New Castle Ave New Castle DE 19720,39.6987137,-75.5532799
,Delran Banking Office,3002 Rte 130 North Delran NJ 08075,40.011022,-74.9632325
83730615,Uncle Willies - Millsboro BP #5,30058 John J Williams Hwy Millsboro DE 19966,38.5952021,-75.2915163
P328560,Monkey Bar,301 Chestnut St Philadelphia PA 19106,39.9488176,-75.1461255
N1080718,Walgreen's - Elkton -Southfield Park #10977,301 East Pulaski Hwy Elkton MD 21921,39.5987501,-75.8187584
P328596,VILLAS FISHING CLUB,301 Pennsylvania Ave Villas NJ 08251,39.0295579,-74.9412904
P328524,PHOENIX SPORT CLUB,301 W Bristol Rd Feasterville-Trevose PA 19053,40.1673077,-74.9950854
P333388 ,ITALIAN AMERICAN CLUB,301 W Wayne Ave Wayne PA 19087,40.0412071,-75.394637
N1080699,Walgreen's - Laurel Square #11016,30182 Sussex Highway Laurel DE 19956,38.5749522,-75.5666972
P328445,GREEN CUISINE,302 96th St Stone Harbor NJ 08247,39.05488,-74.760695
83730612,Uncle Willies - Dagsboro BP #51,30273 Vines Creek Road Dagsboro DE 19939,38.552445,-75.2208542
83730600,DMV - Dover,303 Transportation Circle Dover DE 19901,39.1477493,-75.506833
83730417,Wilson Baker - Country Corners Market,30341 Sussex Hwy Laurel DE 19956,38.570984,-75.5624447
N1080687,Walgreen's - Branmar Plaza  #21314,305 Branmar Plaza Wilmington DE 19810,39.8046189,-75.5068606
P328593,VICTORY BREWING CO,3127 Lower Valley Rd Parkesburg PA 19365,39.9539402,-75.9359815
83730150,Currie Hair Skin and Nails-Riverfront,317 S Justison St Wilmington DE 19801,39.736816,-75.5599495
83730386,American Legion Post #28,31768 Legion Road Millsboro DE 19966,38.6183385,-75.1971259
83730506,Heritages #8,319 Glassboro Road Woodbury Heights NJ 08097,39.8240742,-75.1513914
P328383,QUALITY INN - E STROUDSBURG,320 Greentree Dr East Stroudsburg PA 18301,40.9892239,-75.1730837
,Prices Corner Banking Office,3202 Kirkwood Hwy Wilmington DE 19808,39.7366289,-75.6242423
,Academy Plaza Banking Office ,3202 Red Lion Road Philadelphia PA 19114,40.0809407,-74.9952538
,Brookhaven Banking Office,3218 Edgmont Ave. Brookhaven PA 19015,39.8689314,-75.3819784
83730616,Uncle Willies - Long Neck BP #8,32369 Long Neck Road #11 Millsboro DE 19966,38.6326791,-75.1811855
P328472,KEYSTONE PUB - BETHLEHEM,3259 Easton Ave Bethlehem PA 18020,40.6536023,-75.335342
83730355,Pep Up - Bethany Beach,32919 Coastal Hwy Bethany Beach DE 19930,38.5310756,-75.0582399
N1080693,Walgreen's - Bethany Beach #11033,32979 S Coastal Hwy Bethany Beach DE 19930,38.5293424,-75.0578749
P333317,INLET DELI,33 W 4th St Barnegat Light NJ 08006,39.7621473,-74.10741
,Wayne Banking Office,330 E. Lancaster Ave. Wayne PA 19087,40.043543,-75.3790116
N1080679,Walgreen's - Cannery #11010,3301 Lancaster Pike Wilmington DE 19806,39.753713,-75.5897993
P328558,SLY FOX BEER,331 Circle of Progress Dr Pottstown PA 19464,40.2654356,-75.6685377
83730520,Heritages #24,334 Delsea Drive Sewell NJ 08080,39.7626656,-75.1077648
P328368,BLITZS OCEAN CITY 34TH,3360 Asbury Ave Ocean City NJ 08226,39.251571,-74.6109915
,Newtown Banking Office ,34 South Sycamore St Newtown PA 18940,40.2281732,-74.9392355
P328431,FAIR ACRES,"340 Middletown Rd, Media PA 19063",39.9182513,-75.4431214
P328411,DAYS HOTEL ALLENTOWN,3400 Airport Rd Allentown PA 18109,40.6574813,-75.4269393
83730437,Luk Oil - Willow Grove,3401 W Moreland Rd Willow Grove PA 19090,40.1492948,-75.1296138
83730749,Crest Savings Bank,341 Court House South Dennis Rd Cape May Court House NJ 08210,39.1017226,-74.8196263
83730490,Swarthmore Co-Op,341 Dartmouth Ave Swarthmore PA 19081,39.9023581,-75.3489154
83730741,Gigante Market,3421 Kirkwood Hwy Wilmington DE 19808,39.736051,-75.632584
P411071,CLAYMONT BP,3421 Philadelphia Pike Claymont DE 19703,39.8018062,-75.4593022
,Lewes Banking Office ,34383 Carpenters Way Lewes DE 19958,38.7443008,-75.151665
83730758,Kani LLC,348 N DuPont Hwy Dover DE 19901,39.1707654,-75.5204365
N1080706,Walgreen's - Clarksville #11044,"34960 Atlantic Ave., Unit 2 Clarksville DE 19970",38.5501702,-75.1308629
,Newtown Square Banking Office,3601 West Chester Pike Newtown Square PA 19073,39.9871275,-75.3995544
83730620,Uncle Willies - Fenwick BP #14,36345 Lighthouse Road Selbyville DE 19975,38.4710921,-75.1147327
83730524,Heritages #29,37 North Broadway Gloucester NJ 08030,39.8977475,-75.1204914
N1080709,Walgreen's - West Fenwick Line Road #11136,37088 W Fenwick Blvd Selbyville DE 19975,38.4735882,-75.1044576
N1080662,Walgreen's - Paper Mill Plaza #11045,372 Possum Park Road Newark DE 19711,39.7157691,-75.7391024
83730734,Diegos Hideaway,37298 Rehoboth Ave Rehoboth Beach DE 19971,38.713597,-75.095298
P328535,POTTSTOWN BEVERAGE,375 N Hanover St Pottstown PA 19464,40.2537162,-75.6473116
83730220,Janssen's Market,3801 Kennett Pike Greenville DE 19807,39.7781655,-75.5970294
83730501,Heritages #3,382 Jessup Road Thorofare NJ 08086,39.8341,-75.1866852
N1080696,Walgreen's - Delmar #11079,38627 Benro Drive Delmar DE 19940,38.4568288,-75.5557815
83730435,Zen Spa at the Beach,38857 Bennett Ave Selbyville DE 19975,38.4531388,-75.0654495
,Paoli Banking Office,39 W. Lancaster Ave. Paoli PA 19301,40.0420106,-75.4863345
,Greenville Banking Office,3908 Kennett Pike Wilmington DE 19807,39.7766445,-75.5968475
83730756,Arckeira Group LLC,3932 Concord Pike Wilmington DE 19803,39.8089441,-75.5503932
,Glen Mills Banking Office,395 Wilmington-West Chester Pike Glen Mills PA 19342,39.8591579,-75.5424068
N1080658,Walgreen's - Middletown Crossing #11067,396 East Main Street Middletown DE 19709,39.4499567,-75.7023476
P328563,SPECKS BROASTED CHICKEN,3969 Ridge Pike Collegeville PA 19426,40.1832727,-75.4439862
SR002979,Walmart Supercenter #2791,4 College Park Lane Georgetown DE 19947,38.7026705,-75.4044262
,Middletown Banking Office,400 East Main Street Middletown DE 19709,39.450058,-75.700939
,Smyrna Banking Office,400 Jimmy Drive Smyrna DE 19977,39.28316,-75.5943011
83730724,Pulaski Exxon,400 Pulaski Hwy New Castle DE 19720,39.6518843,-75.6194221
83730215,Sherif Zaki Salon and Oasis Spa,4001 Kennett Pike Greenville DE 19807,39.7788564,-75.5969119
83730628,New Castle County Courthouse,401 N Walnut St Wilmington DE 19801,39.7393186,-75.5485747
P425650,BRT 401 PLYMOUTH ROAD,"401 Plymouth Rd,  Plymouth Meeting PA 19462",40.1114826,-75.2911062
N1080682,Walgreen's - Greenville #11025,4011 Kennett Pike Greenville DE 19807,39.7799261,-75.5984845
P328597,VINOs PIZZA,408 E Germantown Pike Plymouth Meeting PA 19462,40.1373984,-75.3072429
N1080664,Walgreen's - Harmony Plaza #11035,4114 Ogletown-Stanton Road Newark DE 19713,39.6856004,-75.6843666
83730225,Kent County Courthouse,414 Federal St Dover DE 19901,39.1557339,-75.5221198
83730097,Fraternal Order of Eagles,415 Philadelphia Pike Wilmington DE 19809,39.7678957,-75.507561
P328390,CAVANAUGHS RIVER DECK #1,417 N Christopher Columbus Blvd Philadelphia PA 19123,39.9577962,-75.1374815
P328391,CAVANAUGHS RIVER DECK #2,417 N Christopher Columbus Blvd Philadelphia PA 19123,39.9577962,-75.1374815
83730532,Heritages #12,419 N Delsea Dr Clayton NJ 08312,39.6604109,-75.0920034
83730531,Heritages #37,4200 S Lincoln Ave Vineland NJ 08362,39.4251986,-75.0234652
N1080674,Walgreen's - Concord Square #11002,4201 Concord Pike Wilmington DE 19803,39.8133499,-75.5471394
P328424,FRANKLIN MUSIC HALL - (#1),421 N 7th St Philadelphia PA 19123,39.9588648,-75.1502099
P328425,FRANKLIN MUSIC HALL - (#2),421 N 7th St Philadelphia PA 19123,39.9588648,-75.1502099
83730449,DRBA - Lewes Ferry,43 Cape Henlopen Dr Lewes DE 19958,38.7819818,-75.1189178
P328432,FAT TUESDAYS,431 South St Philadelphia PA 19147,39.9419764,-75.1502741
P32835,BAGELS And BEYOND 4,4324 S Broad St Hamilton Township NJ 08620,40.1825384,-74.6756762
P328407,CRESSON STREET TATTOO,4371 Cresson St Philadelphia PA 19127,40.0266618,-75.2241932
,Willingboro Banking Office,4406 Route 130 North Willingboro NJ 08046,40.0563844,-74.8873748
N1080656,Walgreen's - Shoppes of Mount Pleasant #11055,4465 Summit Bridge Road Middletown DE 19709,39.5124526,-75.7106625
P475091,CORK N BOTTLE,4501 Atlantic Avenue Wildwood NJ 08260,38.9825293,-74.8185558
,Mt Laurel Church Road Banking Office,4522 Church Road Mount Laurel NJ 08054,39.9164829,-74.9270425
P328373,BLUE VALLEY LANES,455 E Moorestown Rd Wind Gap PA 18091,40.8313849,-75.3037573
83730719,West Chester Luk Oil,455 Hannum Ave West Chester PA 19380,39.9594966,-75.6126024
,Camden Banking Office,4566 South DuPont Highway Camden DE 19934,39.0992484,-75.5445694
N1080684,Walgreen's - Linden Hill #11024,4575 Linden Hill Road Wilmington DE 19808,39.7346176,-75.6912359
83730723,Limestone Shell (2),4592 Kirkwood Hwy Wilmington DE 19808,39.7237772,-75.6572801
,Midway Banking Office ,4601 Kirkwood Hwy Wilmington DE 19808,39.7239016,-75.6591461
P328360,BEACHCOMBER CAMPING RESORT,462 Seashore Rd Cape May NJ 08204,39.0045661,-74.8926279
P328459,JOHNNYS BAGELS,472 Main St Bethlehem PA 18018,40.6204465,-75.3816637
P328471,KEY WEST TACOS,479 W Perry St West Cape May NJ 08204,38.9345589,-74.9280701
P383809,BORDER CAF?,483 Stanton Christiana Rd Newark DE 19713,39.6946747,-75.6533116
83730499,Country House,4830 Kennett Pike Greenville DE 19807,39.7924355,-75.6120309
83730129,Helen's Sausage House,4866 N. DuPont Hwy Smyrna DE 19977,39.2156589,-75.5726955
83730433,Delaware Saengerbund,49 Salem Church Rd Newark DE 19713,39.6739073,-75.6989851
P328455,HOLLY SHORES CAMPING RESORT,491 U.S. 9 Cape May NJ 08204,39.0009644,-74.8880486
P347851,MERCER CAF? at NAVY YARD,4920 S 15th St Philadelphia PA 19112,39.8902069,-75.1772925
83730509,Heritages #11,495 Bridgetown Pike Mantua NJ 08051,39.7857414,-75.1837216
83730400,Buffalo Wild Wings - Bel Air,5 Bel Air South Pkwy Bel Air MD 21015,39.4971476,-76.3266135
,Ardmore Banking Office,50 W. Lancaster Ave. Ardmore PA 19003,40.008615,-75.2928622
83730745,WSFS New Mobile ATM #1 (Right),500 Creek View Rd Newark DE 19711,39.6895429,-75.7450531
83730746,WSFS New Mobile ATM #2 (Left),500 Creek View Rd Newark DE 19711,39.6895429,-75.7450531
,Bank Center Banking Office,500 Delaware Avenue Wilmington DE 19801,39.7477107,-75.5523247
83730521,Heritages #25,500 Lambs Rd Pitman NJ 08071,39.7408679,-75.1394426
P356838,QUEEN THEATER (The),500 N Market St Wilmington DE 19801,39.7411018,-75.5502779
N1080651,Walgreen's - Four Seasons #11050,500 Plaza Drive Newark DE 19702,39.6269294,-75.7483691
,Aston Banking Office,5000 Pennell Road Aston PA 19014,39.864535,-75.4275079
,Edgmont Banking Office,5000 West Chester Pike Newtown Square PA 19073,39.9742658,-75.4506317
83730526,Heritages #31,501 Beckett Road Logan Twp NJ 08085,39.758002,-75.3559521
83730207,Precious Paws,501 Kirkwood Hwy Elsmere DE 19805,39.7392406,-75.5909134
83730636,Shoprite at Christiana Landing #589,501 South Walnut Street Wilmington DE 19801,39.7314918,-75.5546082
83730395,Buffalo Wild Wings - Christiana,501 Stanton Christiana Rd Newark DE 19713,39.695735,-75.6532661
P328414,DEW INN RESTAURANT,501 W Girard Ave Philadelphia PA 19122,39.9703961,-75.1451861
83730114,Wayne Luk Oil,501 W Lancaster Ave Wayne PA 19087,40.0446518,-75.4015366
83730216,Dover US Gas,505 Bay Road Dover DE 19901,39.1569689,-75.508929
83730505,Heritages #7,505 N Main Street Glassboro NJ 08028,39.713443,-75.1129243
P328341,ANDYs DINER and PUB,505 W Ridge Pike Conshohocken PA 19428,40.0960953,-75.2955304
83730511,Heritages #14,507 Auburn Avenue Swedesboro NJ 08085,39.7473179,-75.3118134
83730722,Wilson Baker - Country Corners #8,508 SE 2nd St Milford DE 19963,38.9101912,-75.4219541
N1080645,Walgreen's - Baltimore Pike #11056,51 Baltimore Pike Glen Mills PA 19342,39.8975614,-75.4845485
W1089004,510 Walnut Street WU,510 Walnut Street Philadelphia PA 19106,39.9472158,-75.1505394
P328403,OMKARA TATTOO,510 Washington Ave Philadelphia PA 19147,39.9346132,-75.1528279
N1080701,Walgreen's - Magnolia - Linkside Park #11063,52 West Birdie Lane Magnolia DE 19962,39.0823969,-75.4864483
83730632,Christiana Truckstop,520 Terminal Ave New Castle DE 19720,39.7200598,-75.5383148
83730507,Heritages #9,525 Mullica Hill Rd/Rt 322 Mullica Hill NJ 08062,39.7125931,-75.1305032
,Conshohocken Banking Office,528 Fayette Street Conshohocken PA 19428,40.077982,-75.3026334
P328492,MaGERKS,528 S Bethlehem Pike Fort Washington PA 19034,40.1271348,-75.2178689
,Moorestown Banking Office,53 East Main Street Moorestown NJ 08057,39.9649161,-74.944738
83730731,Dover Valero,530 N DuPont Hwy Dover DE 19901,39.1753474,-75.5240988
N1080717,Walgreen's - Perryville Crossing #11054,5319 Pulaski Highway Suite A Perryville MD 21903,39.5709526,-76.0688066
83730522,Heritages #26,533 Blue Bell Road Williamstown NJ 08094,39.6794501,-74.99181
N1080675,Walgreen's - Stanton Square #11051,536 Main Street Stanton DE 19804,39.7108881,-75.6497662
83730224,Landhope - Union Street,536 S Union Street Kennett Square PA 19348,39.8403061,-75.7105489
,Springfield Banking Office ,537 Baltimore Pike Springfield PA 19064,39.9196655,-75.3249716
83730396,Buffalo Wild Wings - Middletown,540 W Main St Middletown DE 19709,39.4471998,-75.7281996
P419007,BOWKERS S BEACH GRILL,5406 S Long Beach Blvd Beach Haven NJ 08008,39.5326797,-74.2624366
P328585,UNION JACKS,546 Manatawny Rd Boyertown PA 19512,40.3642028,-75.7325608
83730743,Duck Creek Shell,5481 DuPont Pkwy Smyrna DE 19977,39.3241824,-75.6221499
83730610,Uncle Willies - Woodside BP #15,5485 South DuPont Highway Woodside DE 19904,39.0716714,-75.5526431
P330637,BLUE HERON PINES GOLF CLUB,550 Country Club Dr Egg Harbor City NJ 08215,39.4858255,-74.6044485
83730238,Smyrna Rest Stop,5500 Dupont Parkway Smyrna DE 19977,39.3225906,-75.6184901
N1080690,Walgreen's - Woodside Park  #11060,5506 South DuPont Highway Dover DE 19901,39.0718544,-75.5541896
83730407,Kent County Levy Court,555 Bay Rd Dover DE 19901,39.1548687,-75.506469
,Mount Holly Banking Office,555 High Street Mount Holly NJ 08060,40.0072322,-74.796128
P327829,BRT -#555,555 Lancaster Ave Radnor PA 19087,40.041412,-75.367884
83730750,Aloft Mt Laurel Hotel,558 Fellowship Rd Mt Laurel NJ 08054,39.9311987,-74.9587332
P354917,BRITTONs GOURMET BAKERY,5600 Pacific Ave Wildwood Crest NJ 08260,38.9793529,-74.8280304
83730631,Jack's Country Maid,5606 Kirkwood Hwy Wilmington DE 19808,39.7150871,-75.6738468
83730089,Currie Hair Skin and Nails-Glen Mills,585 Wilmington Pike Glen Mills PA 19318,39.8669136,-75.5432374
,Roxborough Banking Office,5873 Ridge Avenue Philadelphia PA 19218,40.0299207,-75.2108607
N1080670,Walgreen's - Townsend #11135,5999 Summit Bridge Road Townsend DE 19734,39.39851,-75.684499
P328434,FLAGSHIP RESORT,60 N Maine Ave Atlantic City NJ 08401,39.3698666,-74.4127784
P379129,LA BAMBA TAKE OUT,600 Catharine St Philadelphia PA 19147,39.9386746,-75.1531814
LK460058  ,VALLEY FORGE TURF CLUB #1,600 Cresson Blvd Oaks PA 19456,40.1291896,-75.4513144
LK612730  ,VALLEY FORGE TURF CLUB #2,600 Cresson Blvd Oaks PA 19456,40.1291896,-75.4513144
83730184,Delaware City Valero,600 Fifth Street Delaware City DE 19706,39.5737822,-75.5956425
N1080643,Walgreen's - Avondale #11323,600 Gap Newport Pike Avondale PA 19311,39.8348887,-75.7931952
P328404,COURTYARD BY MARRIOTT,600 Manor Rd Coatesville PA 19320,39.998951,-75.8214442
P328545,ROJOs TACOS,601 Ocean Ave Ocean City NJ 08226,39.2801471,-74.5697274
P328521,PHILADELPHIA EDDIES TATTOO,605 S 4th St Philadelphia PA 19147,39.9409751,-75.1491454
P328527,PLYMOUTH LUKOIL,607 W Ridge Pike Conshohocken PA 19428,40.0960953,-75.2955304
P328429,ENVY NAIL SPA,6106 E Black Horse Pike Egg Harbor Township NJ 08234,39.4331602,-74.6067821
83730503,Heritages #5,620 E Clements Bridge Rd Runnemede NJ 08078,39.8540467,-75.0654495
P328364,BEST of the WURST,"625 Harrison St, Riverside Riverside NJ 08075",40.0396461,-74.9452896
,Lantana Banking Office,6274 Limestone Road Hockessin DE 19707,39.7728414,-75.7136946
N1080655,Walgreen's - Hockessin Limestone Road #11080,6317 Limestone Road Hockessin DE 19707,39.7747395,-75.7143428
,Blue Bell Banking Office,640 Skippack Pike Blue Bell PA 19422,40.1528317,-75.2691722
,Woodland Banking Office,6401 Woodland Ave Philadelphia PA 19142,39.9264754,-75.2333866
,King of Prussia Banking Office,655 W Dekalb Pike King of Prussia PA 19406,40.0867983,-75.3845967
P333385,BUY RITE LIQUOR - HAMILTON TWP,661 NJ-33 Hamilton Township NJ 08619,40.2309798,-74.6791065
P328607,WINK LASH STUDIO,661 W Germantown Pike Plymouth Meeting PA 19462,40.120022,-75.2877801
83730397,Buffalo Wild Wings - Dover,680 S Bay Rd Dover DE 19901,39.1514784,-75.5057866
P328400,CONCORDIA MAENNERCHOR,684 Pearl St Easton PA 18042,40.6921424,-75.2177352
,Milford Banking Office ,688 North DuPont Boulevard Milford DE 19963,38.917906,-75.4387004
P328379,BRADYS HOAGIE DOCK,68th St & Ocean Dr Avalon NJ 08202,39.0725086,-74.7455361
,Ocean View Banking Office,69 Atlantic Avenue Ocean View DE 19970,38.5446533,-75.0916398
,Tyson & Brous Banking Office,6918 Brous Ave Philadelphia PA 19149,40.0388197,-75.0568055
,Harrington Banking Office ,7 Commerce Street Harrington DE 19952,38.9236806,-75.5784533
,Media Banking Office ,7 East Baltimore Avenue Media PA 19063,39.9169649,-75.389173
83730352,1st Street Station,70 Rehoboth Avenue Rehoboth Beach DE 19971,38.7158045,-75.0785445
83730527,Heritages #32,700 Hessian Avenue National Park NJ 08063,39.8649732,-75.1777713
N1080710,Walgreen's - Smyrna - Gateway North #11134,700 Jimmy Dr Smyrna DE 19977,39.2808661,-75.5937554
LK612674  ,SOUTH PHILADELPHIA TURF CLUB #1,700 Packer Ave Philadelphia PA 19148,39.9089296,-75.1626553
LK612689  ,SOUTH PHILADELPHIA TURF CLUB #2,700 Packer Ave Philadelphia PA 19148,39.9089296,-75.1626553
LK612718  ,SOUTH PHILADELPHIA TURF CLUB #3,700 Packer Ave Philadelphia PA 19148,39.9089296,-75.1626553
83730640,Shoprite at Four Seasons #590,700 Plaza Dr Newark DE 19702,39.6265504,-75.7462535
N1080659,Walgreen's - Middletown Square #12462,700 South Ridge Avenue Middletown DE 19709,39.4481403,-75.7312888
,Medford Lakes Banking Office,700 Stokes Road Medford Lakes NJ 08055,39.8673403,-74.8097246
N1080702,Walgreen's - Milford -Teal Creek Plaza #11132,701 North Dupont Highway Milford DE 19963,38.9219872,-75.4381824
83730619,Uncle Willies - Seaford BP #3,701 Stein Highway Seaford DE 19973,38.6457143,-75.626645
N1080713,Walgreen's - Chestertown Park #11763,701 Washington Avenue Chestertown MD 21620,39.2240751,-76.0695586
P328342,MERMAID RESTAURANT,702 Beach Dr North Cape May NJ 08204,38.9760793,-74.9611178
83730500,Heritages #2,703 N Broad St Woodbury NJ 08096,39.846568,-75.1468954
P328482,LAS VEGAS LOUNGE,704 Chestnut St Philadelphia PA 19106,39.9490618,-75.1526683
P328573,Sidney's Coffee & Eats ,705 Commonwealth Ave Strathmere NJ 08248,39.1946588,-74.658867
SR002981,Walmart Supercenter #3802,705 Middletown Warwick Rd Middletown DE 19709,39.446249,-75.7380575
P328386,CAPE MAY COUNTY ZOO,707 U.S. 9 Cape May Court House NJ 08210,39.1029819,-74.8139434
83730512,Heritages #15,710 Delaware Street/Essex St. Thorofare NJ 08086,39.8425602,-75.1700881
,Riverton Banking Office ,712 Broad St Riverton NJ 08077,40.0115713,-75.0094984
P429358,FOO BAO ASIAN SLIDERS,713 Beach Ave Cape May NJ 08204,38.930771,-74.9177731
P328575,TOM FOOLERYs RESTAURANT BAR,714 Ash Blvd Middletown DE 19709,39.4590315,-75.7245001
P393704,PALM TREE DELI & MARKET,7201 Torresdale Ave Philadelphia PA 19135,40.0292582,-75.0364162
83730498,Cokesbury Village,726 Loveville Rd Hockessin DE 19707,39.7739426,-75.6627201
,Narberth Banking Office,732 Montgomery Ave. Narbeth PA 19072,40.0100259,-75.2570438
N1080666,Walgreen's - Ferry Cutoff #11034,740 Ferry Cutoff New Castle DE 19720,39.6633666,-75.5684709
83730515,Heritages #18,743 Billings Avenue Paulsboro NJ 08066,39.8347661,-75.2421178
P328506,Nieves Grocery,744 E 4th St Bethlehem PA 18015,40.6105741,-75.3678077
83730153,Hockessin Shell,7441 Lancaster Pike Hockessin DE 19707,39.7894757,-75.6971789
P328566,SPRING MOUNTAIN,757 Spring Mt Rd Schwenksville PA 19473,40.2726069,-75.4500855
83730233,Riverview Motel,7811 Governor Printz Blvd Claymont DE 19703,39.7918157,-75.4648319
P328413,DESERT SAND RESORT,7888 Dune Dr Avalon NJ 08202,39.0650085,-74.7499372
83730625,McGlynns Inc dba McGlynns Pub - Polly Drummond,8 Polly Drummond Shopping Center Newark DE 19711,39.7188443,-75.7106625
83730725,Milford Shell,8 S DuPont Blvd Milford DE 19963,38.9155682,-75.4435311
P417293,SURF CITY LIQUOR,"800 Long Beach Blvd, Surf City NJ 08008",39.6599143,-74.1669001
83730444,McGlynns Pub - Dover,800 N State St Dover DE 19901,39.1758508,-75.5302857
P328357,BAGELS And BEYOND 3,800 Radio Rd Little Egg Harbor Township NJ 08087,39.5762665,-74.3663992
P344537,NJMSP - GENERALs STORE,8000 Dividing Creek Rd Millville NJ 08332,39.358991,-75.0616166
P309578,BRT 300 Berwyn Park,801 Cassatt Rd Berwyn PA 19312,40.0633397,-75.4577682
P328520,PETES DELI,801 E Hector St Conshohocken PA 19428,40.0745296,-75.2924504
,Bryn Mawr Banking Office,801 Lancaster Ave. Bryn Mawr PA 19010,40.0214365,-75.3179195
83730735,Mad Macs Restaurant,801 S College Ave Newark DE 19713,39.6554576,-75.7508219
83730484,Frawley Stadium,801 South Madison Street Wilmington DE 19806,39.7357141,-75.5618374
N1080685,Walgreen's - Philadelphia Pike - Bellefonte #11049,802 Philadelphia Pike Wilmington DE 19809,39.7721496,-75.4966865
83730158,Villanova Stop-N-Shop,807 E Lancaster Ave Villanova PA 19085,40.0361179,-75.3484596
83730508,Heritages #10,811 South Black Horse Pike Blackwood NJ 08012,39.7898496,-75.058354
83730754,Empire Wine and Spirits,812 Kohls Ave Middletown DE 19709,39.4413295,-75.7397478
P328393,CHELTENHAM PAWN SHOP,8160 Ogontz Ave Wyncot PA 19095,40.076812,-75.1598052
,Jenkintown Banking Office,"817 Old York Road, Suite 204 Jenkintown PA 19046",40.1054774,-75.1239521
,Cherry Hill West Banking Office ,818 Haddonfield Rd Cherry Hill NJ 08002,39.9273852,-75.0319985
83730457,Westin Hotel,818 Shipyard Dr Wilmington DE 19801,39.730544,-75.563468
83730502,Heritages #4,820 East Broad Street Gibbstown NJ 08027,39.8260318,-75.2550386
83730382,Carvel State Building,820 N French St Wilmington DE 19801,39.7434795,-75.5463206
83730388,Giant - Longwood,830 E Baltimore Pike Kennett Square PA 19348,39.8598153,-75.6831714
P328505,NICKELBYS COUNTRY STORE,8301 Landis Ave Sea Isle City NJ 08243,39.1273411,-74.7105473
83730747,Elements Beauty Supply,836 Kohl Ave Middletown DE 19709,39.4414322,-75.7422258
N1080671,Walgreen's - Market Street #11020,839 North Market Street Wilmington DE 19801,39.7446247,-75.5488223
83730240,Lynch Heights Mobil,840 Bay Rd Milford DE 19963,38.9510909,-75.4253001
83730381,Bear Shell,841 Pulaski Hwy Bear DE 19701,39.6399335,-75.648948
P328578,TOWERS At WYNCOTE BLDG 1,8440 Limekiln Pike Wyncote PA 19095,40.0819051,-75.1615123
P328579,TOWERS At WYNCOTE BLDG 3,8440 Limekiln Pike Wyncote PA 19095,40.0819051,-75.1615123
83730177,Luk Oil Paoli Pike,845 Paoli Pike West Chester PA 19380,39.968482,-75.5882305
P333352,ORTLIEBs LOUNGE,847 N 3rd St Philadelphia PA 19123,39.9645753,-75.1421716
P328369,BLITZS SEA ISLE CITY,8515 Landis Ave Sea Isle City NJ 08243,39.1259431,-74.7115304
P603752,"Redners - Dover, DE",88 Salt Creek Drive Dover DE 19901,39.2082768,-75.5707903
P419147,IRISH HORNE BAR RESTAURANT,882 2nd St Pike Richboro PA 18954,40.2105981,-75.0120317
P327840,BRT 400 Berwyn Park,899 Cassatt Rd Berwyn PA 19312,40.0630789,-75.4591429
,Lansdowne Banking Office,9 East Baltimore Pike Lansdowne PA 19050,39.9384791,-75.2717659
P328428,EMBASSY SUITES PHILA AIRPORT,9000 Bartram Ave Philadelphia PA 19153,39.883829,-75.2495468
,Maple Glen Banking Office ,901 Limekiln Pike Maple Glen PA 19002,40.1817104,-75.1836988
P328370,BLITZS VILLAS,902 Bayshore Rd Villas NJ 08251,39.0309862,-74.9341438
83730608,Little Grocer,902 E Division St Dover DE 19901,39.1649852,-75.5106094
P480304,Paul Mini Market,909 Linden Street Allentown PA 18102,40.6026041,-75.4765312
P328449,HARPOONs on the BAY,91 Beach Dr North Cape May NJ 08204,38.983898,-74.9593724
P328559,SMITTYS CLAM BAR,910 Bay Ave Somers Point NJ 08244,39.3092015,-74.5958919
P328384,CANNSTATTERs 1,9130 Academy Rd Philadelphia PA 19114,40.0553452,-75.0075585
P328385,CANNSTATTERs 2,9130 Academy Rd Philadelphia PA 19114,40.0553452,-75.0075585
N1080694,Walgreen's - Bridgeville Park #13003,9202 Commercial Center Drive Bridgeville DE 19933,38.7237914,-75.5914364
83730762,301 Truck Plaza (Back),921 Middletown Warwick Rd Middletown DE 19709,39.4384082,-75.7524571
83730763,301 Truck Plaza (Front),921 Middletown Warwick Rd Middletown DE 19709,39.4384082,-75.7524571
P622307 ,DOWNINGTOWN COUNTRY CLUB ,93 Country Club Dr Downingtown PA 19335,40.0129055,-75.6814446
P417291,CUPS and CONES,931 Tuckerton Rd Evesham Township NJ 08053,39.8842148,-74.8791752
83730517,Heritages #21,938 Mantua Blvd. and Glassboro Road Sewell NJ 08080,39.7607308,-75.1324417
SR002977,Walmart Supercenter #1741,939 N Dupont Blvd Milford DE 19963,38.9304474,-75.4352011
P328480,LA PLAZA DELI & GROCERY,960 Broadway Fountain Hill PA 18015,40.603589,-75.3908122
P333390,RODEWAY INN,969 Bethlehem Pike Montgomeryville PA 18936,40.2283305,-75.2356
83730486,Holiday House,97 Garfield Parkway Bethany Beach DE 19930,38.5387761,-75.0544981
83730534,Heritages #1,999 Grove Rd West Deptford NJ 08086,39.817792,-75.1937977
,Trolley Square Banking Office,9A Trolley Square Wilmington DE 19806,39.7578925,-75.5616915
83730354,Dewey Beach Liquors,P.O. Box 1175 Dewey Beach DE 19971,38.6928899,-75.0746249
83730409,Liberty Plaza,Possum Park Rd & Kirkwood Hwy Newark DE 19711,39.7057876,-75.7311118
P327836,BRT 660 Germantown,W 660 Germantown Plymouth Meeting PA 19426,40.1023319,-75.2743467
